name,last_name,email,role,work_hours,disciplines,password
Cord,Rodenhurst,crodenhurst0@stumbleupon.com,TEACHER,14,Comunicación;Matemáticas y estadística,iS2\EC}RY
Erinna,Peevor,epeevor1@hhs.gov,TEACHER,,Ingeniería de software;Ciencias de la computación;Infraestructura y gestión de la información,nP5#hrTs%X
Mariejeanne,Kirvell,mkirvell2@home.pl,ADMINISTRATOR,3,Matemáticas y estadística;Ciencias de la computación,zJ9/J@ImR.K6F>Yy
Tilly,Pulley,tpulley3@linkedin.com,TEACHER,14,Matemáticas y estadística;Ciencias naturales;Ciencias de la computación;Ingeniería de software;Comunicación,"fJ9,b)(g_J"
Emilio,Munro,emunro4@naver.com,ADMINISTRATOR,,Matemáticas y estadística;Infraestructura y gestión de la información,"yZ4>dcONjW""bL"
Valentin,Halm,vhalm5@desdev.cn,TEACHER,,Ingeniería de software;Ciencias de la computación,fA1)MLYz
Caroljean,Wickwar,cwickwar6@cnet.com,ADMINISTRATOR,4,Ingeniería de software,lD9<Dz&(
Deni,Soppit,dsoppit7@google.com,TEACHER,,Infraestructura y gestión de la información;Ciencias naturales;Ciencias de la computación;Ingeniería de software,hA7'KN@2
Audi,Osbourne,aosbourne8@biglobe.ne.jp,TEACHER,,Ingeniería de software;Matemáticas y estadística,eV8@@(2D`@XU
Dorena,Snyder,dsnyder9@uol.com.br,ADMINISTRATOR,14,Infraestructura y gestión de la información;Ciencias naturales,lU8~<Il(_#}E6K%
Locke,Benyan,lbenyana@army.mil,ADMINISTRATOR,,Infraestructura y gestión de la información;Matemáticas y estadística,sE0@V=0obU
Lauren,Crielly,lcriellyb@cbc.ca,ADMINISTRATOR,6,Comunicación;Infraestructura y gestión de la información;Matemáticas y estadística;Ciencias de la computación;Ingeniería de software,jP4$yk7pr~V{
Eugenia,Gianiello,egianielloc@freewebs.com,TEACHER,,Comunicación;Ciencias de la computación,vS9<<aMS*>(Vf
Noach,Osgood,nosgoodd@sina.com.cn,TEACHER,13,Matemáticas y estadística;Infraestructura y gestión de la información;Ciencias naturales;Comunicación;Ciencias de la computación,tQ5`S03Z<Z
Sashenka,Holhouse,sholhousee@smh.com.au,ADMINISTRATOR,,Matemáticas y estadística;Ciencias naturales;Ciencias de la computación,"jN0`52_y""Y,+W"
Hermon,Gatteridge,hgatteridgef@spotify.com,TEACHER,2,Ciencias naturales;Ingeniería de software,"xK7}a=,u6=ZVc"
Carlina,Fryd,cfrydg@fda.gov,ADMINISTRATOR,10,Comunicación;Ciencias naturales;Matemáticas y estadística;Infraestructura y gestión de la información,dQ6&HfVvm
Robinet,Grinyer,rgrinyerh@e-recht24.de,TEACHER,,Comunicación,aK5.'a()EB571%pr
Olva,Lydall,olydalli@irs.gov,TEACHER,11,Ciencias de la computación;Ingeniería de software;Comunicación;Infraestructura y gestión de la información,"yL6+*+/E"">EbwO"
Kori,Asser,kasserj@usda.gov,TEACHER,5,Matemáticas y estadística;Comunicación,"pZ4\#,cI@"
Denney,Warrior,dwarriork@fda.gov,ADMINISTRATOR,16,Ingeniería de software;Ciencias de la computación;Ciencias naturales;Infraestructura y gestión de la información;Matemáticas y estadística,kC1+i9}.W
Hobart,Blackaller,hblackallerl@dailymail.co.uk,TEACHER,,Ciencias naturales;Matemáticas y estadística,qD6+t.$7a!&eEQ>
Ervin,Tordoff,etordoffm@dion.ne.jp,ADMINISTRATOR,5,Ciencias de la computación;Ingeniería de software;Comunicación,lV5'rXpJz0
Rachelle,Biasotti,rbiasottin@devhub.com,TEACHER,,Matemáticas y estadística;Ingeniería de software;Ciencias de la computación;Comunicación,"qQ5'X2=K6?'E>"""
Estrellita,Sawer,esawero@salon.com,ADMINISTRATOR,13,Ciencias de la computación;Ciencias naturales,xB9!P9`Q
Emmett,Dolden,edoldenp@cargocollective.com,TEACHER,5,Ciencias naturales;Comunicación;Infraestructura y gestión de la información,gL5&}BWA=)xa
Nicoline,Shales,nshalesq@yale.edu,TEACHER,,Ciencias naturales;Ingeniería de software;Matemáticas y estadística,qH7+wd_d_B
Maynard,Barnet,mbarnetr@ox.ac.uk,TEACHER,2,Infraestructura y gestión de la información,xV6@W|~21{
Creight,Veevers,cveeverss@hp.com,TEACHER,,Matemáticas y estadística;Infraestructura y gestión de la información;Ingeniería de software,qF7+OS{30w>_KY
Isidoro,Giamitti,igiamittit@google.pl,TEACHER,16,Comunicación;Matemáticas y estadística;Infraestructura y gestión de la información,cM1)_zJ~aAH
Bonita,Hannibal,bhannibalu@cbslocal.com,TEACHER,,Infraestructura y gestión de la información,"rJ8,&}.C?(DO"
Amber,Linklater,alinklaterv@globo.com,TEACHER,,Matemáticas y estadística,qS8?bvSvak*'
Rasla,Agates,ragatesw@livejournal.com,ADMINISTRATOR,5,Comunicación;Infraestructura y gestión de la información;Matemáticas y estadística,rM6&+M}d)tg
Carolan,Grayer,cgrayerx@cyberchimps.com,TEACHER,,Ciencias de la computación;Comunicación;Matemáticas y estadística;Infraestructura y gestión de la información;Ingeniería de software,kO9@7GZT2cP)
Vic,Ranscomb,vranscomby@tuttocitta.it,ADMINISTRATOR,,Matemáticas y estadística,tW9&y=qH|g$
Jenine,Gregoletti,jgregolettiz@ucsd.edu,ADMINISTRATOR,,Ciencias de la computación;Matemáticas y estadística,dR6+GH\nv
Marlo,Duckett,mduckett10@amazon.co.jp,ADMINISTRATOR,,Ingeniería de software;Ciencias naturales;Comunicación;Matemáticas y estadística,vU6'Ds'*
Hailey,Bambery,hbambery11@sun.com,ADMINISTRATOR,6,Ingeniería de software;Ciencias de la computación,iV2~=/K\Kdc
Regan,Putton,rputton12@reference.com,TEACHER,2,Comunicación;Ciencias de la computación;Infraestructura y gestión de la información;Matemáticas y estadística;Ciencias naturales,"bS4?MGMz!|B&3uo"""
Theresina,Creany,tcreany13@seesaa.net,TEACHER,,Ciencias naturales;Ciencias de la computación;Infraestructura y gestión de la información;Comunicación;Matemáticas y estadística,"uJ0,p#XI.Rn"
Tito,Moline,tmoline14@latimes.com,TEACHER,9,Ingeniería de software;Infraestructura y gestión de la información;Comunicación;Ciencias de la computación,zS6!I2c&T
Josselyn,Sambals,jsambals15@deviantart.com,ADMINISTRATOR,9,Comunicación;Ingeniería de software,oZ0_Iz/+m8
Portia,Mallalieu,pmallalieu16@printfriendly.com,ADMINISTRATOR,11,Matemáticas y estadística,yE0(@.eHW
Aidan,Canepe,acanepe17@si.edu,TEACHER,3,Ingeniería de software;Infraestructura y gestión de la información;Comunicación,"dH2`jF~iCG`VImc,"
Modestine,McElree,mmcelree18@free.fr,ADMINISTRATOR,,Matemáticas y estadística,eE8)JODf}+Q>v
Leola,Hawgood,lhawgood19@addtoany.com,ADMINISTRATOR,15,Ciencias de la computación;Infraestructura y gestión de la información;Ciencias naturales,hY2#5V+O7<KZU0
Annice,Flucker,aflucker1a@so-net.ne.jp,TEACHER,,Ingeniería de software;Comunicación,fW2)P&!H$/7!>O<&
Yovonnda,Laimable,ylaimable1b@purevolume.com,ADMINISTRATOR,,Comunicación;Ciencias naturales,jR1@EZdThEQ
Dorelle,Randleson,drandleson1c@auda.org.au,ADMINISTRATOR,,Ciencias naturales;Infraestructura y gestión de la información;Matemáticas y estadística,iZ1?PN1MFe&
Marlon,Skevington,mskevington1d@surveymonkey.com,TEACHER,13,Ingeniería de software;Comunicación;Ciencias de la computación,oZ1`LgL+EB*
Gideon,Copelli,gcopelli1e@google.ca,ADMINISTRATOR,,Comunicación,zF2&wsiJJ)'
Kalle,Dimblebee,kdimblebee1f@oaic.gov.au,TEACHER,4,Matemáticas y estadística;Ciencias naturales;Ciencias de la computación,eJ7{~OD)b
Coral,Hardaker,chardaker1g@sphinn.com,ADMINISTRATOR,,Ingeniería de software;Matemáticas y estadística;Comunicación;Ciencias naturales,xO8)iPtJC
Kaela,Dy,kdy1h@unc.edu,ADMINISTRATOR,,Comunicación,fE3*EV%1WL}?C~p
Westbrook,Caldaro,wcaldaro1i@oracle.com,ADMINISTRATOR,,Matemáticas y estadística;Infraestructura y gestión de la información,yX0'?ut}Pq0X
Hesther,Gonneau,hgonneau1j@nih.gov,TEACHER,16,Infraestructura y gestión de la información;Ciencias naturales;Ingeniería de software,tP8+lB<Vyq
Philippe,Gergher,pgergher1k@nps.gov,ADMINISTRATOR,8,Infraestructura y gestión de la información;Ciencias de la computación;Ingeniería de software;Comunicación;Matemáticas y estadística,"jK4""o&U$e$&"
Terrijo,Cornbell,tcornbell1l@moonfruit.com,TEACHER,,Ciencias de la computación,"eG1(c"">(P"
Sanderson,Tresler,stresler1m@posterous.com,ADMINISTRATOR,,Comunicación;Ciencias naturales,pB9_ZWgYX~}cii|L
Sayers,Keld,skeld1n@earthlink.net,ADMINISTRATOR,,Infraestructura y gestión de la información;Comunicación;Ingeniería de software;Ciencias de la computación;Ciencias naturales,"dJ4""@2"".L{K|jR<"
Lisetta,Valentine,lvalentine1o@berkeley.edu,TEACHER,,Infraestructura y gestión de la información;Matemáticas y estadística;Ciencias de la computación;Ingeniería de software,lX8*AqC{/5dof
Ringo,Cheverton,rcheverton1p@cnet.com,ADMINISTRATOR,8,Ciencias naturales;Ingeniería de software;Ciencias de la computación;Matemáticas y estadística;Comunicación,lV8|ZnLm5Kr6GFb
Jo-anne,Scaplehorn,jscaplehorn1q@ning.com,TEACHER,1,Ciencias naturales,xA0\SP*#)/3
Anallise,Melbourne,amelbourne1r@g.co,TEACHER,2,Infraestructura y gestión de la información;Ciencias naturales,"zD6""dsgO6MSarH"
Ivonne,Heeley,iheeley1s@zdnet.com,ADMINISTRATOR,2,Ciencias de la computación;Ingeniería de software;Matemáticas y estadística;Ciencias naturales,pR7!yw!/
Myca,Stoyles,mstoyles1t@cnbc.com,TEACHER,16,Ingeniería de software;Matemáticas y estadística;Ciencias de la computación;Comunicación,iF6%*|M%I6v
Claire,Hembling,chembling1u@exblog.jp,TEACHER,9,Ciencias de la computación;Comunicación,kP0<uoIkuS
Catlin,Derdes,cderdes1v@skype.com,ADMINISTRATOR,4,Matemáticas y estadística;Infraestructura y gestión de la información,aT6|*+M\GFB\L~9b
Teador,Childers,tchilders1w@shinystat.com,ADMINISTRATOR,12,Ciencias naturales,"hK6_?c""~9%""`_s""t"
Dilan,Philip,dphilip1x@europa.eu,TEACHER,15,Comunicación;Matemáticas y estadística;Ingeniería de software,dC4$rGn+In7Grm@
Dotty,Kose,dkose1y@constantcontact.com,ADMINISTRATOR,13,Ciencias naturales;Comunicación;Ingeniería de software;Ciencias de la computación;Matemáticas y estadística,oO6)kdcYNp+&8
Salome,Marland,smarland1z@xinhuanet.com,ADMINISTRATOR,7,Comunicación;Ciencias naturales;Ingeniería de software;Matemáticas y estadística,qV3/@VdYu
Shelia,McCromley,smccromley20@home.pl,ADMINISTRATOR,7,Ciencias de la computación;Comunicación;Ciencias naturales;Infraestructura y gestión de la información,qU5?~0/s`X
Alexia,Twamley,atwamley21@trellian.com,TEACHER,,Ingeniería de software;Comunicación;Ciencias naturales;Matemáticas y estadística,"sA4`U7o,"
Addy,Benardette,abenardette22@sciencedirect.com,TEACHER,2,Ingeniería de software;Comunicación;Ciencias de la computación;Ciencias naturales,"rJ0`H&{1@9J%28""w"
Casey,Biddleston,cbiddleston23@hatena.ne.jp,TEACHER,,Infraestructura y gestión de la información;Ciencias naturales;Ciencias de la computación;Matemáticas y estadística,sP8'ZJ|9sTR
Sayer,Smallcomb,ssmallcomb24@youku.com,TEACHER,,Infraestructura y gestión de la información;Ciencias naturales;Matemáticas y estadística;Comunicación;Ingeniería de software,fK9`!q1jkk3
Shannon,Elix,selix25@springer.com,ADMINISTRATOR,,Ciencias de la computación,cU1`&/vuTk
Hort,Tattersill,htattersill26@theatlantic.com,ADMINISTRATOR,,Ingeniería de software,cZ5>wnvhs6A66Wp
Felice,Strowger,fstrowger27@webnode.com,ADMINISTRATOR,4,Ingeniería de software;Infraestructura y gestión de la información;Matemáticas y estadística;Ciencias de la computación;Ciencias naturales,hR4\>{fLe99D
Burk,Brandsen,bbrandsen28@yale.edu,ADMINISTRATOR,,Infraestructura y gestión de la información;Ciencias naturales;Ingeniería de software;Matemáticas y estadística,vH7&wH0}\`
Minerva,Gonoude,mgonoude29@myspace.com,TEACHER,,Infraestructura y gestión de la información;Comunicación;Matemáticas y estadística,iV0}2l<77ztV
Latia,Jumeau,ljumeau2a@photobucket.com,ADMINISTRATOR,7,Ingeniería de software;Infraestructura y gestión de la información;Ciencias de la computación,eB8%GY<4b>
Wendie,de Vaen,wdevaen2b@cdc.gov,ADMINISTRATOR,,Ciencias naturales;Infraestructura y gestión de la información;Comunicación;Ingeniería de software;Matemáticas y estadística,rJ0}{FAA
Leif,Grebner,lgrebner2c@google.es,TEACHER,15,Comunicación;Ciencias naturales;Infraestructura y gestión de la información;Ciencias de la computación;Matemáticas y estadística,"pL8""ET12&"
Myrwyn,Di Giacomettino,mdigiacomettino2d@w3.org,ADMINISTRATOR,4,Ingeniería de software,"qU5,5~wwbk"
Briny,Laden,bladen2e@infoseek.co.jp,ADMINISTRATOR,15,Ingeniería de software,jB0`(L*0=
Jdavie,Skoate,jskoate2f@globo.com,ADMINISTRATOR,15,Matemáticas y estadística;Ciencias de la computación;Infraestructura y gestión de la información;Ciencias naturales;Comunicación,"pN4+vG+9""%xlwp8?"
Calla,Minshall,cminshall2g@toplist.cz,ADMINISTRATOR,,Infraestructura y gestión de la información;Ciencias naturales,"dU8(@I$!?3~G,"
Issy,Scriver,iscriver2h@kickstarter.com,TEACHER,,Comunicación;Ciencias de la computación;Matemáticas y estadística;Ciencias naturales;Infraestructura y gestión de la información,jI5#5m#E=8Q$o<5Y
Lucian,Fesby,lfesby2i@ibm.com,TEACHER,,Ciencias de la computación;Ciencias naturales;Ingeniería de software;Comunicación,bZ1<mt~6q}~
Haven,Scotchmer,hscotchmer2j@geocities.com,TEACHER,12,Infraestructura y gestión de la información;Comunicación;Ciencias naturales,tG5'j)J4dRm3b\&
Geoff,McQuorkel,gmcquorkel2k@jugem.jp,ADMINISTRATOR,1,Ciencias naturales;Ciencias de la computación;Matemáticas y estadística;Comunicación,mV9=GE.W
Janelle,Moncarr,jmoncarr2l@ucla.edu,TEACHER,6,Infraestructura y gestión de la información;Ciencias naturales;Comunicación;Ingeniería de software;Ciencias de la computación,hU2)yt<&i)Xty#P
Hubey,Savile,hsavile2m@xing.com,TEACHER,9,Infraestructura y gestión de la información;Ingeniería de software;Matemáticas y estadística,gF7@etuS@&pl/~
Peta,Moulton,pmoulton2n@cam.ac.uk,ADMINISTRATOR,,Ingeniería de software,"sI2<7z/B`,N(aZ`E"
Kendal,Chatt,kchatt2o@boston.com,ADMINISTRATOR,,Ingeniería de software;Matemáticas y estadística;Comunicación;Ciencias de la computación;Infraestructura y gestión de la información,kA5)qX.8M
Enriqueta,MacGiolla Pheadair,emacgiollapheadair2p@over-blog.com,TEACHER,,Ingeniería de software;Ciencias de la computación;Matemáticas y estadística;Ciencias naturales,rU1%1b}GubxG
Beryl,Grasner,bgrasner2q@last.fm,TEACHER,1,Ciencias de la computación;Infraestructura y gestión de la información;Matemáticas y estadística;Ingeniería de software;Comunicación,gG8{_<rK
Sibilla,Fawdrie,sfawdrie2r@uol.com.br,TEACHER,,Matemáticas y estadística;Comunicación,mA6>uI/R
Murial,Essery,messery2s@constantcontact.com,TEACHER,15,Ciencias de la computación;Ingeniería de software;Matemáticas y estadística,sY0&F2(=G22M'A
Abigail,Domsalla,adomsalla2t@addtoany.com,ADMINISTRATOR,15,Infraestructura y gestión de la información,rD2/8/HBC@d#
Deborah,Bursell,dbursell2u@posterous.com,TEACHER,,Comunicación,qK3?kiBpiJ
Lukas,McCawley,lmccawley2v@bloglines.com,ADMINISTRATOR,,Ingeniería de software;Matemáticas y estadística;Ciencias naturales,"lU1~,tcD5Q"
Shamus,Hiseman,shiseman2w@deliciousdays.com,TEACHER,,Ciencias de la computación;Matemáticas y estadística;Ingeniería de software;Ciencias naturales;Comunicación,"sS9_W7,>{T5"
Geraldine,Petrelluzzi,gpetrelluzzi2x@wsj.com,ADMINISTRATOR,10,Infraestructura y gestión de la información;Ciencias naturales,jX2(aZ+GHYb~aGB
Lucian,Ingyon,lingyon2y@abc.net.au,ADMINISTRATOR,4,Ciencias de la computación;Ciencias naturales;Ingeniería de software;Infraestructura y gestión de la información;Matemáticas y estadística,"vF1,VSv/>4MyG,"
Kenna,Tidgewell,ktidgewell2z@odnoklassniki.ru,ADMINISTRATOR,12,Ciencias de la computación;Ciencias naturales,uD6&l2Y`0
Cammi,Lacknor,clacknor30@time.com,TEACHER,,Comunicación;Ciencias de la computación;Ingeniería de software,gM2(7ctaM'g!
Blisse,Pluvier,bpluvier31@squarespace.com,ADMINISTRATOR,,Ciencias naturales;Infraestructura y gestión de la información;Ingeniería de software;Ciencias de la computación;Matemáticas y estadística,aG6(#8tANDlxP
Tanhya,Glasgow,tglasgow32@nps.gov,TEACHER,5,Matemáticas y estadística;Ingeniería de software;Ciencias de la computación;Ciencias naturales,jP9)vv<Lt_SH\#
Blisse,Pellamont,bpellamont33@yahoo.com,TEACHER,,Ciencias de la computación,"jP0,_ZDULH)m"
Max,Ranshaw,mranshaw34@skype.com,TEACHER,,Comunicación;Ingeniería de software;Ciencias naturales;Matemáticas y estadística;Infraestructura y gestión de la información,vV2*X+a~1
Claudetta,Piburn,cpiburn35@columbia.edu,ADMINISTRATOR,9,Ciencias naturales;Infraestructura y gestión de la información,bE3&rKZL7XhpW
Boothe,McAlees,bmcalees36@ted.com,ADMINISTRATOR,,Ingeniería de software,uM2*ir'Oph%*
Liesa,Lamblot,llamblot37@si.edu,ADMINISTRATOR,,Ciencias naturales;Matemáticas y estadística;Ingeniería de software;Comunicación,"eP2""RdFgS7{8~lAW"
Stafford,Bearman,sbearman38@guardian.co.uk,ADMINISTRATOR,,Ingeniería de software,hX1(7(3RgRiiz
Briana,MacCoughan,bmaccoughan39@usa.gov,TEACHER,,Ciencias de la computación;Comunicación;Ingeniería de software;Ciencias naturales,"cG2@B""Lg$"
Conni,Wiffen,cwiffen3a@patch.com,TEACHER,9,Ciencias naturales;Ingeniería de software;Matemáticas y estadística;Comunicación;Ciencias de la computación,qR1{80sCV@\v
Lotte,Edmonds,ledmonds3b@w3.org,ADMINISTRATOR,15,Ciencias naturales;Comunicación;Ciencias de la computación;Matemáticas y estadística;Infraestructura y gestión de la información,sH3)sZ'{<V86hR*S
Merell,Boise,mboise3c@freewebs.com,TEACHER,8,Ciencias naturales,"uP1,3j=TalSENtd"
Sigfrid,Dickings,sdickings3d@ycombinator.com,TEACHER,,Matemáticas y estadística;Ciencias de la computación,"zA3`|XhrtYf0S""XM"
Natty,Rewcastle,nrewcastle3e@goo.gl,ADMINISTRATOR,,Ingeniería de software,wS8*QFQav'
Annalise,Yakovich,ayakovich3f@jiathis.com,ADMINISTRATOR,9,Ciencias naturales;Matemáticas y estadística,uJ5@ICkQpM
Jens,Master,jmaster3g@usgs.gov,ADMINISTRATOR,,Comunicación;Matemáticas y estadística;Ciencias naturales;Ingeniería de software;Ciencias de la computación,"fQ9'a3*2,yMWKZ+r"
Pearle,Talmadge,ptalmadge3h@harvard.edu,ADMINISTRATOR,16,Ingeniería de software;Infraestructura y gestión de la información;Ciencias naturales,tV0+lF#)nzY9
Angie,Lamas,alamas3i@chronoengine.com,ADMINISTRATOR,14,Ciencias naturales,"uZ8,E{eZg"
Tammie,Luscott,tluscott3j@tripod.com,TEACHER,6,Infraestructura y gestión de la información;Ingeniería de software;Ciencias de la computación,lK2?Eh2bww~
Charity,McCobb,cmccobb3k@godaddy.com,ADMINISTRATOR,,Ingeniería de software,hB1%Vmaf
Addie,Iston,aiston3l@surveymonkey.com,TEACHER,,Comunicación,fN2$dA=.9Zt%H|
Clary,Astill,castill3m@umich.edu,TEACHER,14,Comunicación,jR8=wv4uaPPJ)
Donnie,Burley,dburley3n@cam.ac.uk,ADMINISTRATOR,1,Ingeniería de software;Ciencias de la computación;Infraestructura y gestión de la información;Comunicación,uD5<SDy(hw\@}_az
Leigha,Watt,lwatt3o@posterous.com,TEACHER,13,Ingeniería de software;Comunicación;Matemáticas y estadística,fR9!#i2XDMp!
Constantina,Facer,cfacer3p@virginia.edu,TEACHER,9,Ingeniería de software;Infraestructura y gestión de la información;Ciencias de la computación;Comunicación,"wO5,ne/Wnf&?%c3"""
Sancho,Rainford,srainford3q@friendfeed.com,ADMINISTRATOR,,Matemáticas y estadística;Ciencias naturales;Infraestructura y gestión de la información;Ingeniería de software,zA3}Yr/`{~+hC`
Boniface,Simka,bsimka3r@goodreads.com,ADMINISTRATOR,1,Comunicación;Ciencias de la computación;Ingeniería de software;Matemáticas y estadística,"fS0""1,<1M"
Madelena,Reape,mreape3s@miitbeian.gov.cn,ADMINISTRATOR,,Comunicación;Ingeniería de software,eM9_DLkU4Z@x
Ursola,MacCheyne,umaccheyne3t@instagram.com,ADMINISTRATOR,15,Ciencias naturales;Comunicación;Infraestructura y gestión de la información;Ciencias de la computación;Ingeniería de software,pL6{'GkY'aQ0x/
Shelby,Petheridge,spetheridge3u@microsoft.com,TEACHER,,Ingeniería de software,rP7<K\1\lNTb&uN
Fiona,Delepine,fdelepine3v@netlog.com,TEACHER,11,Infraestructura y gestión de la información,"aA1"">_,,w\""Yt"
Yvon,O'Leary,yoleary3w@europa.eu,TEACHER,,Matemáticas y estadística;Infraestructura y gestión de la información;Ciencias de la computación;Comunicación;Ingeniería de software,mD9|A&s'TZB223h
Tamas,Ajam,tajam3x@yolasite.com,ADMINISTRATOR,13,Ciencias de la computación;Ingeniería de software;Matemáticas y estadística;Comunicación,pK0|&/KmD
Tommie,Matussevich,tmatussevich3y@ucoz.ru,TEACHER,,Ciencias naturales,gB3)%NTC*
Sibley,Ruckhard,sruckhard3z@theglobeandmail.com,TEACHER,5,Ciencias naturales;Comunicación;Infraestructura y gestión de la información;Ciencias de la computación;Ingeniería de software,"jQ5&""V33p1{>,"
Maryl,Gunter,mgunter40@gov.uk,TEACHER,10,Ciencias naturales;Ingeniería de software,fP4.RA!*D
Estevan,Luetkemeyer,eluetkemeyer41@dot.gov,TEACHER,,Matemáticas y estadística;Comunicación;Ciencias naturales;Infraestructura y gestión de la información,"wP0""q~il"
Blanch,Channing,bchanning42@earthlink.net,ADMINISTRATOR,8,Ingeniería de software;Matemáticas y estadística;Comunicación,eU4`W7rUy`QN#+b
Thor,Littler,tlittler43@youtube.com,ADMINISTRATOR,,Comunicación,jW4#7|eIs
Nancy,Vanns,nvanns44@illinois.edu,ADMINISTRATOR,6,Ingeniería de software;Comunicación;Ciencias naturales;Ciencias de la computación,"aP7""GLL2#$#Mn8uc"
Florry,Jalland,fjalland45@webmd.com,TEACHER,,Ciencias naturales;Infraestructura y gestión de la información;Comunicación;Matemáticas y estadística,"yP6},L&>o"
Darcey,Signorelli,dsignorelli46@oaic.gov.au,TEACHER,,Matemáticas y estadística;Ingeniería de software;Ciencias de la computación;Infraestructura y gestión de la información,"qT4""dGG<w"
Lanie,Orhtmann,lorhtmann47@amazon.de,ADMINISTRATOR,,Ciencias naturales;Ingeniería de software;Comunicación;Infraestructura y gestión de la información;Matemáticas y estadística,jM1?lXBsb<
D'arcy,Valero,dvalero48@wikispaces.com,TEACHER,,Ciencias naturales;Ingeniería de software;Ciencias de la computación,kE7~&//Ndhgv0
Milena,Orton,morton49@dion.ne.jp,TEACHER,16,Infraestructura y gestión de la información;Matemáticas y estadística;Ingeniería de software;Comunicación,kL3_$a)Ai_qat
Kearney,Taree,ktaree4a@digg.com,ADMINISTRATOR,5,Infraestructura y gestión de la información;Ingeniería de software,"uS4%_q(G,}rJ"
Mari,Missenden,mmissenden4b@sphinn.com,ADMINISTRATOR,7,Ingeniería de software;Infraestructura y gestión de la información,kD3\kI(.f$2C1P=
Hillyer,Cockin,hcockin4c@ow.ly,TEACHER,,Ciencias naturales;Matemáticas y estadística;Infraestructura y gestión de la información,hS3/._p4fy`q4
Nanette,Bruffell,nbruffell4d@phpbb.com,ADMINISTRATOR,,Ciencias de la computación;Ingeniería de software;Ciencias naturales;Infraestructura y gestión de la información,pX9_$gB@#zU1Pl
Bennie,Feeney,bfeeney4e@reddit.com,TEACHER,,Comunicación;Matemáticas y estadística;Ingeniería de software;Ciencias naturales;Ciencias de la computación,iB4}17>CMb|au
Jacquelynn,Ruppertz,jruppertz4f@elegantthemes.com,TEACHER,9,Infraestructura y gestión de la información;Ciencias naturales;Ingeniería de software;Ciencias de la computación,uB7}G?#s)'9M
Rachele,Rudsdale,rrudsdale4g@prweb.com,ADMINISTRATOR,,Matemáticas y estadística;Comunicación;Ciencias de la computación;Ingeniería de software;Infraestructura y gestión de la información,hA6)ASF`r$
Doti,Kiffin,dkiffin4h@foxnews.com,TEACHER,,Infraestructura y gestión de la información;Comunicación;Matemáticas y estadística;Ingeniería de software;Ciencias de la computación,vA6@S@M}$7WQ*l$l
Jessy,Middlewick,jmiddlewick4i@w3.org,TEACHER,,Ciencias de la computación;Matemáticas y estadística,mW9>#VV2
Shandee,Albrighton,salbrighton4j@walmart.com,TEACHER,,Ciencias naturales;Ciencias de la computación;Comunicación,yG3>8$Vb4IL
Danya,Stell,dstell4k@weibo.com,ADMINISTRATOR,6,Matemáticas y estadística;Comunicación,wQ6*2`D(Qy
Waylon,Standall,wstandall4l@cisco.com,ADMINISTRATOR,,Infraestructura y gestión de la información,zS0}bM6qHu@U\'
Julietta,Bricket,jbricket4m@opera.com,TEACHER,2,Ciencias naturales;Infraestructura y gestión de la información;Comunicación,qC4@7n4OzMcZ8
Agneta,Dargavel,adargavel4n@un.org,ADMINISTRATOR,16,Comunicación;Ingeniería de software,"qB6""my3mJ+.w}<0"
Merell,Topliss,mtopliss4o@twitter.com,ADMINISTRATOR,,Infraestructura y gestión de la información;Ingeniería de software;Ciencias de la computación;Ciencias naturales;Matemáticas y estadística,eT2|9qqq
Alf,Mingaye,amingaye4p@nba.com,TEACHER,,Ciencias naturales;Matemáticas y estadística;Ingeniería de software;Ciencias de la computación;Comunicación,yW0(Kgg>rlp2
Nalani,Hawke,nhawke4q@irs.gov,TEACHER,,Matemáticas y estadística;Comunicación;Infraestructura y gestión de la información,"qQ1,U'Wp}=''~Qdh"
Mercedes,Thomazet,mthomazet4r@exblog.jp,TEACHER,11,Ingeniería de software;Ciencias de la computación;Ciencias naturales,pC8`l)}'mJFv&}
Marillin,Roper,mroper4s@nih.gov,ADMINISTRATOR,,Comunicación;Ingeniería de software;Infraestructura y gestión de la información;Matemáticas y estadística;Ciencias naturales,kS1.v(R}p
Almeria,Kenzie,akenzie4t@umich.edu,ADMINISTRATOR,,Ciencias de la computación;Comunicación;Infraestructura y gestión de la información;Ciencias naturales;Matemáticas y estadística,sU2&ZjN}O
Allayne,Servant,aservant4u@163.com,TEACHER,,Comunicación;Ciencias de la computación;Matemáticas y estadística;Ciencias naturales;Ingeniería de software,rV0%3ouVhLL
Raffaello,Klaes,rklaes4v@tamu.edu,ADMINISTRATOR,,Comunicación,fX6#J$%{8&`
Karlyn,Babon,kbabon4w@gov.uk,ADMINISTRATOR,12,Matemáticas y estadística;Ingeniería de software;Comunicación,"rJ5~Y""FX%%5Dz}9"
Poul,Zammitt,pzammitt4x@cmu.edu,ADMINISTRATOR,,Ciencias naturales;Ingeniería de software;Matemáticas y estadística;Infraestructura y gestión de la información,"dO6=6IL8&o,"
Kristo,Sabatini,ksabatini4y@gizmodo.com,ADMINISTRATOR,,Infraestructura y gestión de la información;Comunicación,"sI6.F},kT}Cm%Ls"
Cinnamon,Brislane,cbrislane4z@harvard.edu,TEACHER,10,Matemáticas y estadística;Ciencias naturales;Comunicación;Infraestructura y gestión de la información;Ingeniería de software,sQ3`0al%i9@
Anastasia,Pluthero,apluthero50@cdbaby.com,ADMINISTRATOR,,Ciencias de la computación;Comunicación;Ingeniería de software,"lY3(""Zb}LGwy\}`"
Temple,Pechard,tpechard51@dagondesign.com,TEACHER,,Ingeniería de software;Infraestructura y gestión de la información,sD7%E&JsvF&ni}
Karlyn,McKeon,kmckeon52@apple.com,ADMINISTRATOR,,Infraestructura y gestión de la información,qX3~4gZsLM9<S
Worthington,Pariss,wpariss53@abc.net.au,TEACHER,2,Comunicación;Infraestructura y gestión de la información;Ciencias naturales;Ingeniería de software,mJ5`JsOw'@
Mar,Matis,mmatis54@columbia.edu,ADMINISTRATOR,1,Ciencias de la computación;Comunicación;Matemáticas y estadística,eZ6>nGgwLF*Gpjq
Jervis,Bartelet,jbartelet55@homestead.com,ADMINISTRATOR,5,Comunicación;Ciencias naturales;Infraestructura y gestión de la información;Ingeniería de software,kK4~rQMZ
Brittney,Basire,bbasire56@washingtonpost.com,ADMINISTRATOR,,Infraestructura y gestión de la información;Ciencias de la computación;Comunicación,eI7}\gh_vg0<0
Feodor,Zack,fzack57@zimbio.com,TEACHER,,Ciencias de la computación;Comunicación,pK4_s<Pvl~
Clemens,Leckie,cleckie58@arizona.edu,TEACHER,6,Ciencias de la computación;Comunicación,qD7~aR|SS
Braden,Frostick,bfrostick59@mozilla.com,TEACHER,,Matemáticas y estadística;Ingeniería de software;Ciencias de la computación;Comunicación;Infraestructura y gestión de la información,uK3\_zdM4Y!@
Peadar,Cotte,pcotte5a@jimdo.com,ADMINISTRATOR,,Comunicación;Ingeniería de software,tY3~MiSm}eV==
Erinna,Dudhill,edudhill5b@altervista.org,TEACHER,7,Ingeniería de software,qN1?v7D>f`*a(s
Marlene,Britto,mbritto5c@senate.gov,ADMINISTRATOR,8,Infraestructura y gestión de la información;Ciencias de la computación;Comunicación;Ingeniería de software,rF0(k9?j
Thia,Forsaith,tforsaith5d@stanford.edu,TEACHER,,Ciencias naturales;Comunicación,mL9{}zq`Yxsl@xj
Arleen,Peche,apeche5e@digg.com,TEACHER,3,Comunicación;Matemáticas y estadística;Ciencias de la computación;Ingeniería de software;Infraestructura y gestión de la información,tB7<odQL8
Randolf,Michelet,rmichelet5f@networkadvertising.org,ADMINISTRATOR,,Ciencias de la computación;Matemáticas y estadística,"iC0=<1_yD,hr"
Clarance,Primrose,cprimrose5g@twitter.com,ADMINISTRATOR,,Comunicación;Matemáticas y estadística;Ciencias de la computación,wZ6/pEGm(Z
Marylinda,Ashness,mashness5h@utexas.edu,TEACHER,9,Ciencias naturales;Infraestructura y gestión de la información;Ciencias de la computación;Ingeniería de software,"yQ7*6d""#?V<E7|"
Pren,Scoyne,pscoyne5i@columbia.edu,ADMINISTRATOR,15,Ciencias de la computación;Comunicación;Infraestructura y gestión de la información;Matemáticas y estadística,rG9*C/6!
Maddy,Ridolfo,mridolfo5j@nsw.gov.au,TEACHER,4,Infraestructura y gestión de la información,vL7'+s+=.Xg'jOS
